depth	th_Shallow	th_Mod-deep	th_Deep	th_Sediment	prop_Shallow	prop_Mod-deep	prop_Deep	prop_Sediment	acc_Shallow	acc_Mod-deep	acc_Deep	acc_Sediment	sealevel	waterflow	sedinput
29.83729461719071	0.0	0.0	0.0418123272537681	0.13339305555555553	0.0	0.0	0.23864750376575206	0.7613524962342477	0.0	0.0	0.23864750376575206	0.9999999999999998	-5.0	0.0	0.002669055555555555
29.667046618007994	0.0	0.0	0.036599064912662085	0.13364893427005653	0.0	0.0	0.21497500756753185	0.7850249924324683	0.0	0.0	0.21497500756753185	1.0	-4.875	0.0	0.002674304396322883
29.49701912351913	0.0	0.0	0.0361123315390645	0.13391516294979589	0.0	0.0	0.21239112913841385	0.787608870861586	0.0	0.0	0.21239112913841385	0.9999999999999999	-4.625	0.0	0.002679636743457972
29.32677881842816	0.0	0.0	0.03605872230822667	0.13418158278274642	0.0	0.0	0.21181072419341349	0.7881892758065865	0.0	0.0	0.21181072419341349	1.0	-4.375	0.0	0.0026849620364085836
29.156278864634213	0.0	0.0	0.03605271942142025	0.13444723437252554	0.0	0.0	0.21145295713681556	0.7885470428631844	0.0	0.0	0.21145295713681556	1.0	-4.125	0.0	0.0026902707870058128
28.985514804083426	0.0	0.0	0.03605204601697669	0.13471201453381146	0.0	0.0	0.21112197672445365	0.7888780232755465	0.0	0.0	0.21112197672445365	1.0	-3.875	0.0	0.002695561990376846
28.814495132131977	0.0	0.0	0.03604375518451336	0.13497591676693316	0.0	0.0	0.21075794832974765	0.7892420516702523	0.0	0.0	0.21075794832974765	1.0	-3.625	0.0	0.0027008356837384343
28.643287455578417	0.0	0.0	0.035968666813216525	0.13523900974034708	0.0	0.0	0.2100879326048412	0.7899120673951587	0.0	0.0	0.2100879326048412	1.0	-3.375	0.0	0.002706094047471754
28.471882089840687	0.0	0.0	0.03583467463080581	0.13557069110692296	0.0	0.0	0.2090639022680145	0.7909360977319855	0.0	0.0	0.2090639022680145	1.0	-3.125	0.0	0.002714108480571693
28.300160701963943	0.0	0.0	0.03561148556376181	0.13610990231298292	0.0	0.0	0.20737944180443277	0.7926205581955672	0.0	0.0	0.20737944180443277	1.0	-2.8335	0.0	0.002724903953196607
28.12813990754019	0.0	0.0	0.03537104782968978	0.13664974659405976	0.0	0.0	0.20562076781576805	0.7943792321842318	0.0	0.0	0.20562076781576805	0.9999999999999998	-2.5	0.0	0.0027356791502981303
27.955774483597274	0.0	0.0	0.03510932618862232	0.1372560977542948	0.0	0.0	0.2036912356636538	0.7963087643363462	0.0	0.0	0.2036912356636538	1.0	-2.1665	0.0	0.002749201249669114
27.782941190751856	0.0	0.0	0.03476297825853471	0.13807031458688585	0.0	0.0	0.20113589046542196	0.798864109534578	0.0	0.0	0.20113589046542196	1.0	-1.7915	0.0	0.0027654609512356185
27.609662266589865	0.0	0.0	0.0344025953638157	0.13887632879817408	0.0	0.0	0.19853883286841303	0.8014611671315871	0.0	0.0	0.19853883286841303	1.0000000000000002	-1.375	0.0	0.0027814904058768406
27.43599163627455	0.0	0.0	0.03406723510406193	0.13960339521125104	0.0	0.0	0.19616002453731024	0.8038399754626897	0.0	0.0	0.19616002453731024	1.0	-0.9615	0.0	0.0027955916573440534
27.261937555648487	0.0	0.0	0.033749906142603925	0.1403041744834618	0.0	0.0	0.19390471065778425	0.8060952893422157	0.0	0.0	0.19390471065778425	1.0	-0.5765	0.0	0.0028096008702535044
27.087576413640427	0.0	0.0	0.03346663735317432	0.14089450465488254	0.0	0.0	0.19193862214797774	0.8080613778520223	0.0	0.0	0.19193862214797774	1.0	-0.1925	0.0	0.002819151015818738
26.91311033045605	0.0	0.0	0.03331952333341021	0.14114655985097035	0.0	0.0	0.19097994707772067	0.8090200529222794	0.0	0.0	0.19097994707772067	1.0	0.125	0.0	0.002824190633129455
26.738510283124103	0.0	0.0	0.03320181772862441	0.1413982296033207	0.0	0.0	0.19015927106538505	0.809840728934615	0.0	0.0	0.19015927106538505	1.0	0.375	0.0	0.0028292218287690944
26.563772694184753	0.0	0.0	0.03308814060476002	0.14164944833459145	0.0	0.0	0.18935903148030941	0.8106409685196905	0.0	0.0	0.18935903148030941	0.9999999999999999	0.625	0.0	0.0028342439145087202
26.38889731074466	0.0	0.0	0.03297517525323205	0.14190020818686	0.0	0.0	0.1885638481789435	0.8114361518210566	0.0	0.0	0.1885638481789435	1.0	0.875	0.0	0.002839256814528752
26.21388431759083	0.0	0.0	0.03286248430162622	0.14215050885220615	0.0	0.0	0.18777168317292228	0.8122283168270779	0.0	0.0	0.18777168317292228	1.0000000000000002	1.125	0.0	0.0028442605333719373
26.038883134390712	0.0	0.0	0.032809165516257614	0.14219201768385664	0.0	0.0	0.18747967823017664	0.8125203217698234	0.0	0.0	0.18747967823017664	1.0	1.375	0.0	0.0028409217528482127
25.86426686939376	0.0	0.0	0.033007238528706115	0.14160902646824663	0.0	0.0	0.18902728522616224	0.8109727147738378	0.0	0.0	0.18902728522616224	1.0	1.5	0.0	0.002829268849770486
25.68997811988367	0.0	0.0	0.03326150074060405	0.1410272487694883	0.0	0.0	0.19084135283601886	0.809158647163981	0.0	0.0	0.19084135283601886	0.9999999999999999	1.5	0.0	0.002817638826153284
25.516008511605616	0.0	0.0	0.03352305546635305	0.14044655281170065	0.0	0.0	0.19269489537950513	0.8073051046204948	0.0	0.0	0.19269489537950513	0.9999999999999999	1.5	0.0	0.002806030237809117
25.342356424548004	0.0	0.0	0.03378516815907877	0.1398669188985308	0.0	0.0	0.19455664905352066	0.8054433509464792	0.0	0.0	0.19455664905352066	0.9999999999999999	1.5	0.0	0.002794442855167528
25.1690211573764	0.0	0.0	0.034046924421743986	0.139288342749864	0.0	0.0	0.19642237253447292	0.803577627465527	0.0	0.0	0.19642237253447292	0.9999999999999999	1.5	0.0	0.002782876615024696
24.996002132107247	0.0	0.0	0.034308203090696696	0.13871082217845487	0.0	0.0	0.19829150601979303	0.8017084939802068	0.0	0.0	0.19829150601979303	0.9999999999999999	1.5	0.0	0.0027713314766464377
24.823298787421713	0.0	0.0	0.034568989407628106	0.13813435527790568	0.0	0.0	0.20016398333554522	0.7998360166644548	0.0	0.0	0.20016398333554522	1.0	1.5	0.0	0.0027598074023090793
24.65091056459694	0.0	0.0	0.034829282644631025	0.13755894018013914	0.0	0.0	0.2020398033805037	0.7979601966194962	0.0	0.0	0.2020398033805037	1.0	1.5	0.0	0.002748304354710787
24.47883690569326	0.0	0.0	0.035089083880181615	0.13698457502350098	0.0	0.0	0.20391897344277757	0.7960810265572225	0.0	0.0	0.20391897344277757	1.0	1.5	0.0	0.0027368222966335782
24.30707725333651	0.0	0.0	0.035348394408078285	0.1364112579486736	0.0	0.0	0.20580150182569193	0.794198498174308	0.0	0.0	0.20580150182569193	0.9999999999999999	1.5	0.0	0.0027253611909007287
24.13563105070411	0.0	0.0	0.03560721553419803	0.13583898709820136	0.0	0.0	0.20768739690632895	0.7923126030936711	0.0	0.0	0.20768739690632895	1.0	1.5	0.0	0.0027139210003722884
23.964497741536185	0.0	0.0	0.03586554855145017	0.13526776061647505	0.0	0.0	0.2095766670196096	0.7904233329803905	0.0	0.0	0.2095766670196096	1.0	1.5	0.0	0.0027025016879453963
23.79377613418474	0.0	0.0	0.036023989926766656	0.13469761742467912	0.0	0.0	0.21101013799974383	0.7889898620002561	0.0	0.0	0.21101013799974383	1.0	1.5	0.0	0.0026911048475514216
23.623598325854143	0.0	0.0	0.03604881969616279	0.1341289886344307	0.0	0.0	0.21183032059111412	0.7881696794088859	0.0	0.0	0.21183032059111412	1.0	1.5	0.0	0.002679741136431581
23.45398451893398	0.0	0.0	0.036051608412236966	0.13356219850793033	0.0	0.0	0.2125511423088658	0.7874488576911342	0.0	0.0	0.2125511423088658	1.0	1.5	0.0	0.0026684147185936057
23.28493530766708	0.0	0.0	0.03605192135660214	0.13299728991029414	0.0	0.0	0.21326287822593312	0.786737121774067	0.0	0.0	0.21326287822593312	1.0	1.5	0.039609202178212594	0.0026571259618161686
23.1164490891191	0.0	0.0	0.03605195647127023	0.13243426207670744	0.0	0.0	0.2139756995080531	0.786024300491947	0.0	0.0	0.2139756995080531	1.0000000000000002	1.5	0.039622732681552794	0.0026458747958904936
22.948524019347182	0.0	0.0	0.03605196041135306	0.13187310936056884	0.0	0.0	0.21469075737362692	0.785309242626373	0.0	0.0	0.21469075737362692	1.0	1.5	0.039636831013395234	0.0026346611018148156
22.781158232907757	0.0	0.0	0.036051960853454204	0.131313825585971	0.0	0.0	0.21540818837846837	0.7845918116215317	0.0	0.0	0.21540818837846837	1.0	1.5	0.039651518828292286	0.002623484755482362
22.614349867468622	0.0	0.0	0.036051960903060606	0.1307564045360733	0.0	0.0	0.2161280149718599	0.7838719850281402	0.0	0.0	0.2161280149718599	1.0	1.5	0.03966681851635545	0.0026123456325824164
22.448097066552155	0.0	0.0	0.03605196090862675	0.1302008400078399	0.0	0.0	0.2168502467921787	0.7831497532078213	0.0	0.0	0.2168502467921787	1.0	1.5	0.03968275322406108	0.002601243609149023
22.282397979824786	0.0	0.0	0.03605196090925131	0.1296471258181201	0.0	0.0	0.217574892060621	0.7824251079393791	0.0	0.0	0.217574892060621	1.0000000000000002	1.5	0.039699346876113484	0.0025901785616213287
22.117250763111194	0.0	0.0	0.036051960909321376	0.12909525580426967	0.0	0.0	0.2183019588628309	0.781698041137169	0.0	0.0	0.2183019588628309	0.9999999999999999	1.5	0.03971662419788362	0.002579150366849137
21.952653578377706	0.0	0.0	0.03605196090932923	0.12854522382415967	0.0	0.0	0.21903145529313608	0.780968544706864	0.0	0.0	0.21903145529313608	1.0000000000000002	1.5	0.039734610738373984	0.0025681589020923098
21.788604593712257	0.0	0.0	0.036051960909330015	0.12799702375611677	0.0	0.0	0.21976338947084958	0.7802366105291504	0.0	0.0	0.21976338947084958	1.0	1.5	0.03975333289371075	0.002557204045019492
21.62510198330407	0.0	0.0	0.036051960909330015	0.12745064949885604	0.0	0.0	0.22049776954218595	0.7795022304578142	0.0	0.0	0.22049776954218595	1.0000000000000002	1.5	0.03977281793117032	0.002546285673706759
21.462143927423327	0.0	0.0	0.036051960909330015	0.1269060949714132	0.0	0.0	0.22123460368055534	0.7787653963194446	0.0	0.0	0.22123460368055534	1.0	1.5	0.039793094013748274	0.002535403666636258
21.29973111240092	0.0	0.0	0.036051960909330015	0.12636085411307707	0.0	0.0	0.22197731690295594	0.7780226830970441	0.0	0.0	0.22197731690295594	1.0	1.5	0.03981438897938082	0.002524457902694862
21.137866716726325	0.0	0.0	0.036051960909330015	0.12581243476526632	0.0	0.0	0.22272940728612722	0.7772705927138729	0.0	0.0	0.22272940728612722	1.0	1.4985000000000002	0.03983668914492374	0.0025134819831172596
20.97654974441399	0.0	0.0	0.036051960909330015	0.1252650114030056	0.0	0.0	0.22348523154480984	0.77651476845519	0.0	0.0	0.22348523154480984	0.9999999999999998	1.496	0.03985982753590242	0.0025025760083384726
20.815779205573328	0.0	0.0	0.036051960909330015	0.12471857793133206	0.0	0.0	0.22424482227468756	0.7757551777253126	0.0	0.0	0.22424482227468756	1.0	1.494	0.03988397929716655	0.0024916731342923518
20.65555244972175	0.0	0.0	0.036051960909330015	0.12417479494224884	0.0	0.0	0.22500587194516777	0.7749941280548321	0.0	0.0	0.22500587194516777	0.9999999999999999	1.4914999999999998	0.039909188917239415	0.0024807731839850676
20.495866832426465	0.0	0.0	0.036051960909330015	0.1236336563859543	0.0	0.0	0.2257683661181843	0.7742316338818157	0.0	0.0	0.2257683661181843	1.0	1.4885000000000002	0.03993533812880036	0.0024699427587900574
20.33672138195101	0.0	0.0	0.036051960909330015	0.12309348956612917	0.0	0.0	0.22653466248404858	0.7734653375159514	0.0	0.0	0.22653466248404858	1.0	1.486	0.03996245354026916	0.0024591817938167376
20.178115132573105	0.0	0.0	0.036051960909330015	0.1225542884685734	0.0	0.0	0.22730479442478183	0.7726952055752182	0.0	0.0	0.22730479442478183	1.0	1.484	0.03999074145298992	0.0024484234466128707
20.02004545789799	0.0	0.0	0.036051960909330015	0.12201771376578424	0.0	0.0	0.22807639089173043	0.7719236091082697	0.0	0.0	0.22807639089173043	1.0000000000000002	1.4815	0.040020252751339254	0.002437667541793164
19.862509737500474	0.0	0.0	0.036051960909330015	0.12148375948818574	0.0	0.0	0.22884943692997856	0.7711505630700216	0.0	0.0	0.22884943692997856	1.0000000000000002	1.4785000000000001	0.04005084529955984	0.0024269806823342312
19.705507023571727	0.0	0.0	0.036051960909330015	0.12095075301941734	0.0	0.0	0.22962635490295727	0.7703736450970426	0.0	0.0	0.22962635490295727	0.9999999999999999	1.476	0.04008254891954411	0.00241636280494333
19.549036374237424	0.0	0.0	0.036051960909330015	0.1204186884249713	0.0	0.0	0.23040717899945945	0.7695928210005405	0.0	0.0	0.23040717899945945	1.0	1.474	0.04011560612586175	0.0024057470687607386
19.363744579052508	0.0	0.03	0.03540247781524854	0.1198893173696674	0.0	0.1619067912319639	0.19106338615758928	0.6470298226104467	0.0	0.1619067912319639	0.35297017738955316	0.9999999999999999	1.4714999999999998	0.04015006293335072	0.002395136936504203
19.19721518099277	0.0	0.025093325354323914	0.022184559504861152	0.11925151320055177	0.0	0.15068405726971118	0.13321707616395267	0.7160988665663363	0.0	0.15068405726971118	0.28390113343366385	1.0	1.4685000000000001	0.04019439238434618	0.0023821108894185724
19.039842949396935	0.0	0.019527571539777452	0.019145828839510288	0.1186988312165523	0.0	0.12408524262353819	0.12165951162642336	0.7542552457500385	0.0	0.12408524262353819	0.24574475424996156	1.0	1.466	0.040232938385712576	0.0023713055699292425
18.884758139727246	0.0	0.020843576796846477	0.016073870667744752	0.11816736220509483	0.0	0.1344011501915697	0.10364568072127997	0.7619531690871504	0.0	0.1344011501915697	0.23804683091284967	1.0	1.464	0.040272263296307384	0.0023607382915773324
18.731257658004548	0.0	0.023409392791641392	0.012447589217994586	0.11764349971306194	0.0	0.15250370897161736	0.08109153195024779	0.7664047590781349	0.0	0.15250370897161736	0.23359524092186515	1.0	1.4615	0.040312930313876276	0.0023502561125406628
18.578825466236076	0.0	0.026451036907311334	0.008855831484971814	0.11712532337619116	0.0	0.17352657992012077	0.0580968585587402	0.7683765615211391	0.0	0.17352657992012077	0.23162343847886097	1.0	1.4585000000000001	0.04035481676033257	0.002339895757847344
18.427043765270223	0.0	0.029492997828113713	0.005679203744216591	0.11660949939352022	0.0	0.19431194696354973	0.03741691987952065	0.7682711331569296	0.0	0.19431194696354973	0.23172886684307037	1.0	1.456	0.04039807117581777	0.0023296249446584046
18.275638373048903	0.0	0.032112961483419765	0.003197679419497595	0.1160947513184035	0.0	0.21209919285092427	0.02111998372437952	0.7667808234246961	0.0	0.21209919285092427	0.23321917657530378	0.9999999999999999	1.454	0.04044312119551674	0.0023193538017181265
18.12444145252298	0.0	0.034058825084092303	0.0015394893763891776	0.11559860606544212	0.0	0.22526136753064835	0.010182015420910793	0.7645566170484409	0.0	0.22526136753064835	0.23544338295155914	1.0	1.4514999999999998	0.0404870028552852	0.002309735017747758
17.973370652555772	0.0	0.03528741447195356	0.0006295053915457436	0.11515388010371005	0.0	0.23358196606897474	0.004166956100599062	0.7622510778304263	0.0	0.23358196606897474	0.2377489221695738	1.0000000000000002	1.4585	0.0405291647505291	0.0023008257739802044
17.822569730521373	0.0	0.03594894851434085	0.00014402572666160062	0.1147079477933946	0.0	0.2383867951824661	0.0009550719234246391	0.7606581328941093	0.0	0.2383867951824661	0.23934186710589075	1.0	1.476	0.04057278960323815	0.0022919265348987335
17.671980085807284	0.0	0.036325783659934614	0.0	0.11426386105415473	0.0	0.24122364940101307	0.0	0.7587763505989867	0.0	0.24122364940101307	0.24122364940101307	0.9999999999999998	1.4935	0.04061768954558721	0.0022830831267980985
17.521697587970372	0.0	0.036462041496446565	0.0	0.11382045634046184	0.0	0.24262333951899306	0.0	0.757376660481007	0.0	0.24262333951899306	0.24262333951899306	1.0	1.5115	0.040664474621021594	0.002274186247897989
17.371787545679215	0.0	0.03653105595347974	0.0	0.11337898633767879	0.0	0.243686516227701	0.0	0.7563134837722991	0.0	0.243686516227701	0.243686516227701	1.0	1.5285	0.0407126206332426	0.0022653462809757944
17.222261702548362	0.0	0.036588736480174286	0.0	0.11293710665067874	0.0	0.2446984127563471	0.0	0.7553015872436528	0.0	0.2446984127563471	0.2446984127563471	0.9999999999999999	1.546	0.04076233451417607	0.0022565317629818695
17.073117997361443	0.0	0.03664553312034351	0.0	0.11249817206657627	0.0	0.24570620043545358	0.0	0.7542937995645465	0.0	0.24570620043545358	0.24570620043545358	1.0	1.5635	0.04081366127736596	0.002247742769159827
16.92435455572702	0.0	0.03670376310596207	0.0	0.112059678528461	0.0	0.24672569216406876	0.0	0.7532743078359313	0.0	0.24672569216406876	0.24672569216406876	1.0	1.581	0.04086644256135358	0.0022390126079810113
16.77596909915268	0.0	0.036763839872338104	0.0	0.1116216167020026	0.0	0.24775905079295638	0.0	0.7522409492070435	0.0	0.24775905079295638	0.24775905079295638	0.9999999999999999	1.599	0.040921130497442296	0.002230274364364971
16.62795770265214	0.0	0.036825753574489264	0.0	0.11118564292605115	0.0	0.2488035005760844	0.0	0.7511964994239156	0.0	0.2488035005760844	0.2488035005760844	1.0	1.6165	0.040977797446400135	0.002221527777098535
16.480316358041446	0.0	0.03688959795367874	0.0	0.11075174665701375	0.0	0.2498595366423337	0.0	0.7501404633576662	0.0	0.2498595366423337	0.2498595366423337	0.9999999999999999	1.6335	0.041036063136601464	0.002212839352770408
16.333042525473896	0.0	0.03695558214361376	0.0	0.11031825042393623	0.0	0.2509310819127584	0.0	0.7490689180872415	0.0	0.2509310819127584	0.2509310819127584	1.0	1.651	0.041095957367263666	0.002204208926421353
16.18613363972455	0.0	0.037023742610464656	0.0	0.1098851431388829	0.0	0.252018401893223	0.0	0.7479815981067769	0.0	0.252018401893223	0.252018401893223	0.9999999999999999	1.669	0.041157997657539774	0.0021955695571903903
16.03958482332184	0.0	0.037093902779509205	0.0	0.10945491362320327	0.0	0.25311635869904325	0.0	0.7468836413009567	0.0	0.25311635869904325	0.25311635869904325	1.0	1.6865	0.041222013249498035	0.002186954302279828
15.893394110848678	0.0	0.0371664951012321	0.0	0.10902421737192602	0.0	0.2542329432046252	0.0	0.7457670567953748	0.0	0.2542329432046252	0.2542329432046252	1.0	1.704	0.04128806116646513	0.002178363039988919
15.747557288162483	0.0	0.037241280000462396	0.0	0.10859554268573253	0.0	0.25536266708577776	0.0	0.7446373329142223	0.0	0.25536266708577776	0.25536266708577776	1.0	1.7215	0.04135647130026752	0.0021697621000393895
15.602070048379103	0.0	0.037318361772470734	0.0	0.10816887801090927	0.0	0.2565060814132915	0.0	0.7434939185867084	0.0	0.2565060814132915	0.2565060814132915	1.0	1.7385	0.04142677432957927	0.0021612179678922056
15.456929509646427	0.0	0.037397993901711626	0.0	0.1077425448309634	0.0	0.2576674596102511	0.0	0.7423325403897489	0.0	0.2576674596102511	0.2576674596102511	1.0	1.756	0.041499004816166085	0.0021527304566799294
15.312132760861193	0.0	0.037480217827444776	0.0	0.10731653095778967	0.0	0.2588470952689429	0.0	0.741152904731057	0.0	0.2588470952689429	0.2588470952689429	0.9999999999999999	1.774	0.0415737948991051	0.002144232604335158
15.167706182855717	0.0	0.03756908724125625	0.0	0.10685749076422006	0.0	0.26012585605837535	0.0	0.7398741439416247	0.0	0.26012585605837535	0.26012585605837535	1.0	1.7915	0.04166423588603781	0.002134324113178056
15.023732793868719	0.0	0.03768027247301771	0.0	0.10629311651398002	0.0	0.2617169237880524	0.0	0.7382830762119476	0.0	0.2617169237880524	0.2617169237880524	1.0	1.7875	0.04177160414308737	0.0021230442483688196
14.880201156767729	0.0	0.03780139534637557	0.0	0.10573024175461387	0.0	0.26336629407897266	0.0	0.7366337059210273	0.0	0.26336629407897266	0.26336629407897266	1.0	1.7625	0.04188357033162285	0.002111794150593307
14.737103669487425	0.0	0.037928654373870656	0.0	0.1051688329064328	0.0	0.26505464976876164	0.0	0.7349453502312384	0.0	0.26505464976876164	0.26505464976876164	1.0	1.7375	0.04200032296118492	0.0021005732391394627
14.594433267525451	0.0	0.03806153663799131	0.0	0.1046088653239818	0.0	0.2667794869473775	0.0	0.7332205130526224	0.0	0.2667794869473775	0.2667794869473775	0.9999999999999999	1.7125	0.04212205709083731	0.002089381034993443
14.452182817754714	0.0	0.03820013432285441	0.0	0.10405031544788179	0.0	0.2685413957173508	0.0	0.7314586042826492	0.0	0.2685413957173508	0.2685413957173508	1.0	1.6875	0.04224897549310671	0.0020782170667469073
14.31034500172265	0.0	0.038344656675641034	0.0	0.10349315935642237	0.0	0.2703415615689751	0.0	0.7296584384310248	0.0	0.2703415615689751	0.2703415615689751	1.0	1.6625	0.04238128916583715	0.002067080853073246
14.168912287284899	0.0	0.03849534195773635	0.0	0.10293737248001573	0.0	0.272181313289289	0.0	0.7278186867107109	0.0	0.272181313289289	0.272181313289289	1.0	1.6375	0.042519217736516644	0.002055971899085785
14.027876915812302	0.0	0.03865244194758112	0.0	0.10238292952501628	0.0	0.27406204233730924	0.0	0.7259379576626908	0.0	0.27406204233730924	0.27406204233730924	1.0	1.6125	0.042662989863812555	0.002044889695181657
13.88723089182617	0.0	0.038816219552056684	0.0	0.10182980443407472	0.0	0.2759851892854377	0.0	0.7240148107145623	0.0	0.2759851892854377	0.2759851892854377	1.0	1.5875	0.042812843657395856	0.0020338337163088344
13.746965972682318	0.0	0.038986948792044486	0.0	0.10127797035180833	0.0	0.27795224229987453	0.0	0.7220477577001255	0.0	0.27795224229987453	0.27795224229987453	1.0	1.5625	0.0429690271213904	0.0020228034212839206
13.607073657856507	0.0	0.039164915235693834	0.0	0.1007273995901188	0.0	0.27996473776604636	0.0	0.7200352622339536	0.0	0.27996473776604636	0.27996473776604636	1.0	1.5375	0.04313179862393268	0.0020117982520925963
13.467545177727306	0.0	0.03935041653712932	0.0	0.10017806359207017	0.0	0.2820242612883902	0.0	0.7179757387116097	0.0	0.2820242612883902	0.2820242612883902	0.9999999999999999	1.5125	0.04330142739492066	0.002000817633159039
13.32837148181148	0.0	0.03954376302177533	0.0	0.0996299328940499	0.0	0.28413244874729854	0.0	0.7158675512527013	0.0	0.28413244874729854	0.28413244874729854	0.9999999999999998	1.4875	0.043478194054094026	0.0019898609705801744
13.189543226415374	0.0	0.03974527831003083	0.0	0.09908297708607433	0.0	0.2862909873543357	0.0	0.7137090126456643	0.0	0.2862909873543357	0.2862909873543357	1.0	1.4625	0.04366239117175333	0.0019789276513222064
13.051050761665113	0.0	0.03995529998014334	0.0	0.09853716477011705	0.0	0.2885016166922411	0.0	0.7114983833077588	0.0	0.2885016166922411	0.2885016166922411	1.0	1.4375	0.04385432386462439	0.001968017042376989
12.912884117875844	0.0	0.04017418027293465	0.0	0.09799246351633398	0.0	0.29076612973394794	0.0	0.7092338702660521	0.0	0.29076612973394794	0.29076612973394794	1.0	1.4125	0.04405431042959572	0.0019571284898756832
12.775032991217223	0.0	0.04040228684156916	0.0	0.0974488398170503	0.0	0.29308637383590735	0.0	0.7069136261640926	0.0	0.29308637383590735	0.29308637383590735	1.0	1.3875	0.04426268301830129	0.001946261318156954
12.637486728628964	0.0	0.040640003549895554	0.0	0.09690625903836379	0.0	0.2954642517009	0.0	0.7045357482990998	0.0	0.2954642517009	0.2954642517009	0.9999999999999998	1.3625	0.04447978835578951	0.001935414828786735
12.500234311936534	0.0	0.04088773132322299	0.0	0.09636468536920761	0.0	0.29790172230517764	0.0	0.7020982776948224	0.0	0.29790172230517764	0.29790172230517764	1.0	1.3375	0.04470598850681594	0.0019245882995263719
12.3632469036117	0.0	0.041138326557132794	0.0	0.09584908176770279	0.0	0.30030735715199663	0.0	0.6996926428480035	0.0	0.30030735715199663	0.30030735715199663	1.0	1.3125	0.044919429290903715	0.0019147809832456744
12.226471936163215	0.0	0.04136566827806297	0.0	0.09540929917042196	0.0	0.3024359577613716	0.0	0.6975640422386283	0.0	0.3024359577613716	0.3024359577613716	1.0	1.3025	0.0451179464934849	0.0019059888399094295
12.0899089199584	0.0	0.04159278909239669	0.0	0.09497022711241618	0.0	0.3045684713789358	0.0	0.6954315286210642	0.0	0.3045684713789358	0.3045684713789358	1.0	1.3075	0.04532315253976563	0.001897210955419098
11.95355069294147	0.0	0.04182637095074728	0.0	0.09453185606618408	0.0	0.3067388881901037	0.0	0.6932611118098965	0.0	0.3067388881901037	0.3067388881901037	1.0000000000000002	1.3125	0.0455352688571735	0.0018884469813168015
11.817388864415136	0.0	0.04206766775297195	0.0	0.09409416077336186	0.0	0.30895345786896533	0.0	0.6910465421310348	0.0	0.30895345786896533	0.30895345786896533	1.0	1.3175	0.045754529111248124	0.0018796963847383743
11.681414649985111	0.0	0.042317101546943625	0.0	0.09365711288307954	0.0	0.31121416457030837	0.0	0.6887858354296916	0.0	0.31121416457030837	0.31121416457030837	1.0	1.3225	0.04598117654339245	0.0018709585910288372
11.545618991257005	0.0	0.042574975848835905	0.0	0.09322068287926905	0.0	0.3135223632891025	0.0	0.6864776367108975	0.0	0.3135223632891025	0.3135223632891025	1.0	1.3275000000000001	0.046215463920132246	0.0018622330051717526
11.409992565309985	0.0	0.04284158559928674	0.0	0.09278484034773328	0.0	0.3158793376743705	0.0	0.6841206623256295	0.0	0.3158793376743705	0.3158793376743705	1.0	1.3325	0.0464576539232586	0.001853519014492196
11.274525776978319	0.0	0.04311723434437885	0.0	0.09234955398728592	0.0	0.3182863849906478	0.0	0.6817136150093522	0.0	0.3182863849906478	0.3182863849906478	1.0	1.3375	0.046708019634948014	0.0018448159884707693
11.13920874807648	0.0	0.04340223732127911	0.0	0.09191479158055862	0.0	0.3207448291874938	0.0	0.6792551708125061	0.0	0.3207448291874938	0.3207448291874938	0.9999999999999999	1.3425	0.046966845064915747	0.0018361232780904554
11.004031305666874	0.0	0.043696922452451145	0.0	0.09148051995715642	0.0	0.3232560231465471	0.0	0.6767439768534528	0.0	0.3232560231465471	0.3232560231465471	0.9999999999999999	1.3475000000000001	0.04723442571335708	0.0018274402150811563
10.868982969649903	0.0	0.04400163106300026	0.0	0.09104670495397324	0.0	0.32582134930910905	0.0	0.6741786506908909	0.0	0.32582134930910905	0.32582134930910905	1.0	1.3525	0.047511069170951936	0.0018187661111144697
10.734052939681796	0.0	0.044316718594835866	0.0	0.09061331137327132	0.0	0.32844222005517093	0.0	0.6715577799448291	0.0	0.32844222005517093	0.32844222005517093	1.0	1.3575	0.047797095758575776	0.001810100256954191
10.599230081382295	0.0	0.04464255536101015	0.0	0.09018030293849136	0.0	0.33112007803483284	0.0	0.6688799219651671	0.0	0.33112007803483284	0.33112007803483284	1.0	1.3625	0.048092839209787255	0.0018014419215608669
10.464502911784866	0.0	0.04497952734977209	0.0	0.08974764224765736	0.0	0.3338563964801817	0.0	0.6661436035198183	0.0	0.3338563964801817	0.3338563964801817	1.0	1.3675000000000002	0.04839864739946805	0.0017927903511474736
10.329859583977434	0.0	0.04532803708321893	0.0	0.08931529072421401	0.0	0.3366526795003697	0.0	0.6633473204996304	0.0	0.3366526795003697	0.3366526795003697	1.0	1.3725	0.0487148831223008	0.0017841447681829015
10.195287870877241	0.0	0.045688504535074725	0.0	0.08888320856511978	0.0	0.3395104623588885	0.0	0.6604895376411115	0.0	0.3395104623588885	0.3395104623588885	1.0	1.3775	0.049041924925110114	0.001775504370339628
10.060775148078804	0.0	0.04606136811243225	0.0	0.08845135468600399	0.0	0.3424313117314114	0.0	0.6575686882685886	0.0	0.3424313117314114	0.3424313117314114	1.0	1.3824999999999998	0.04938016799746496	0.0017668683293816758
9.926308375708892	0.0	0.046447085706731006	0.0	0.08801968666318008	0.0	0.3454168259423785	0.0	0.6545831740576216	0.0	0.3454168259423785	0.3454168259423785	1.0	1.3875	0.04973002512535414	0.0017582357899886157
9.79187407921686	0.0	0.04684613581974091	0.0	0.08758816067229064	0.0	0.34846863517835763	0.0	0.6515313648216423	0.0	0.34846863517835763	0.34846863517835763	1.0	1.3925	0.05009192771320349	0.0017496058685110322
9.657472762613022	0.0	0.047286251847164035	0.0	0.08711506475667335	0.0	0.3518287844347942	0.0	0.6481712155652057	0.0	0.3518287844347942	0.3518287844347942	1.0	1.3975	0.05054013227389045	0.0017393109849858095
9.523133637652077	0.0	0.04782202760485274	0.0	0.0865170973560918	0.0	0.3559798950510933	0.0	0.6440201049489068	0.0	0.3559798950510933	0.3559798950510933	1.0	1.3775	0.05108421781582892	0.0017273523767361364
9.38917459051164	0.0	0.04803951290597196	0.0	0.085919534234464	0.0	0.3586134265019797	0.0	0.6413865734980204	0.0	0.3586134265019797	0.3586134265019797	1.0	1.3325	0.051654081020327966	0.0017154057935350872
9.255785183576446	0.0	0.04806593873546691	0.0	0.08532346819972869	0.0	0.3603429975426663	0.0	0.6396570024573335	0.0	0.3603429975426663	0.3603429975426663	0.9999999999999998	1.2875	0.05224976123223535	0.0017034937552883708
9.123909324699412	0.0	0.04714620505370633	0.0	0.08472965382332953	0.0	0.35750443982068436	0.0	0.6424955601793158	0.0	0.35750443982068436	0.35750443982068436	1.0	1.2425000000000002	0.052871396303503064	0.0016916338073614174
8.995093576491211	0.0	0.04467324020923219	0.0	0.08414250799896955	0.0	0.346799524364272	0.0	0.653200475635728	0.0	0.346799524364272	0.346799524364272	1.0	1.1975	0.05351357735505663	0.0016799396983121538
8.869531926799208	0.0	0.04199581504659679	0.0	0.0835658346454057	0.0	0.3344637088602354	0.0	0.6655362911397646	0.0	0.3344637088602354	0.3344637088602354	1.0	1.1524999999999999	0.05417353005816874	0.0016684604807168132
8.74718510305317	0.0	0.03934683623623053	0.0	0.0829999875098071	0.0	0.32160079870896385	0.0	0.678399201291036	0.0	0.32160079870896385	0.32160079870896385	0.9999999999999999	1.1075	0.054850857484819854	0.0016571973719390026
8.627988143501295	0.0	0.036752155847541344	0.0	0.08244480370433235	0.0	0.3083313197393014	0.0	0.6916686802606986	0.0	0.3083313197393014	0.3083313197393014	1.0	1.0625	0.055545417541316956	0.0016461464746364155
8.511873121488485	0.0	0.034214959015148774	0.0	0.08190006299766242	0.0	0.294664363163741	0.0	0.7053356368362591	0.0	0.294664363163741	0.294664363163741	1.0	1.0175	0.05625708874657598	0.0016353033103397427
8.398771733793797	0.0	0.03173584915886926	0.0	0.0813655385358166	0.0	0.28059646133201593	0.0	0.7194035386679841	0.0	0.28059646133201593	0.28059646133201593	1.0	0.9724999999999999	0.05698574401752831	0.0016246633333334309
8.28861541990365	0.0	0.029315311427128704	0.0	0.08084100246302056	0.0	0.2661246586043419	0.0	0.733875341395658	0.0	0.2661246586043419	0.2661246586043419	1.0	0.9275	0.05773124968716661	0.0016142219829345687
8.181335095223556	0.0	0.026954098801554145	0.0	0.08032622587854046	0.0	0.2512492284296317	0.0	0.7487507715703684	0.0	0.2512492284296317	0.2512492284296317	1.0	0.8825000000000001	0.05849346843575241	0.0016039746738147076
8.076860757945102	0.0	0.024653359449779838	0.0	0.07982097782867478	0.0	0.2359752652373514	0.0	0.7640247347626486	0.0	0.2359752652373514	0.2359752652373514	1.0	0.8375	0.0592722635127418	0.001593916773465421
7.975120988615018	0.0	0.022414745420924906	0.0	0.0793250239091586	0.0	0.2203144902776684	0.0	0.7796855097223317	0.0	0.2203144902776684	0.2203144902776684	1.0000000000000002	0.7925	0.06006750407014924	0.0015840435725033367
7.876042322188582	0.0	0.020240541929945302	0.0	0.07883812449649014	0.0	0.20428758944766004	0.0	0.79571241055234	0.0	0.20428758944766004	0.20428758944766004	1.0	0.7475	0.060879071836046066	0.00157435024728527
7.779548461305559	0.0	0.018133828353321585	0.0	0.07836003252970106	0.0	0.18792727524194333	0.0	0.8120727247580567	0.0	0.18792727524194333	0.18792727524194333	1.0	0.7025	0.061706869495093644	0.0015648318130421363
7.685559293660969	0.0	0.01609867691175904	0.0	0.0778904907328316	0.0	0.17128225853254025	0.0	0.8287177414674598	0.0	0.17128225853254025	0.17128225853254025	1.0	0.6575	0.06255083125171358	0.0015554830652262262
7.593989674318635	0.0	0.014140391190737196	0.0	0.07742922815159789	0.0	0.1544222995824961	0.0	0.8455777004175039	0.0	0.1544222995824961	0.1544222995824961	1.0	0.6125	0.06341093615817318	0.001546298506486517
7.504747939618483	0.0	0.012265778823868624	0.0	0.07697595587628367	0.0	0.13744442401395512	0.0	0.8625555759860449	0.0	0.13744442401395512	0.13744442401395512	1.0	0.5675	0.06428722487630896	0.001537272256763437
7.417701120222926	0.0	0.010499790875562971	0.0	0.07654702851999481	0.0	0.12062233805292603	0.0	0.8793776619470739	0.0	0.12062233805292603	0.12062233805292603	0.9999999999999999	0.5225	0.06511167162815958	0.0015290646114918937
7.332605978247987	0.0	0.008919939987582552	0.0	0.07617520198735747	0.0	0.10482314008253747	0.0	0.8951768599174627	0.0	0.10482314008253747	0.10482314008253747	1.0000000000000002	0.4875	0.06587864074836786	0.0015216613381461035
7.249308449198313	0.0	0.007487784124975789	0.0	0.07580974492469929	0.0	0.08989203173734477	0.0	0.9101079682626552	0.0	0.08989203173734477	0.08989203173734477	0.9999999999999999	0.4625	0.06665491852701547	0.0015143827317714387
7.167677050344825	0.0	0.006181230768256461	0.0	0.07545016808523192	0.0	0.07572124029566739	0.0	0.9242787597043325	0.0	0.07572124029566739	0.07572124029566739	0.9999999999999999	0.4375	0.06744103508712393	0.0015072194934627223
7.087579283223302	0.0	0.00500172780094089	0.0	0.07509603932058015	0.0	0.0624452838161203	0.0	0.9375547161838799	0.0	0.0624452838161203	0.0624452838161203	1.0000000000000002	0.4125	0.06823752061704419	0.0015001631028002177
6.966464403352354	0.04427965069549447	0.00213421659036756	0.0	0.07470101258508477	0.36560041790634124	0.017621423500082407	0.0	0.6167781585935762	0.36560041790634124	0.3832218414064236	0.3832218414064236	0.9999999999999998	0.3875	0.0692618429454307	0.0014913685511885042
6.86456415797678	0.027660269716298314	0.0	0.0	0.07423997565927676	0.2714445840081198	0.0	0.0	0.7285554159918801	0.2714445840081198	0.2714445840081198	0.2714445840081198	1.0	0.3625	0.07031089847068037	0.00148266806614758
6.7643326973394124	0.02641228640026521	0.0	0.0	0.07381917423710231	0.2635129352831	0.0	0.0	0.7364870647169001	0.2635129352831	0.2635129352831	0.2635129352831	1.0	0.3375	0.07135502767371257	0.001474296025618974
6.663561428184174	0.027369761949312343	0.0	0.0	0.07340150720592585	0.27160283063567664	0.0	0.0	0.7283971693643234	0.27160283063567664	0.27160283063567664	0.27160283063567664	1.0	0.3125	0.0724324750468208	0.0014659381084144063
6.561589507300347	0.028990575676717936	0.0	0.0	0.07298134520710757	0.2842995937062547	0.0	0.0	0.7157004062937453	0.2842995937062547	0.2842995937062547	0.2842995937062547	1.0	0.2875	0.07355479683391837	0.0014575163797386909
6.458169040135587	0.030863535269442844	0.0	0.0	0.07255693189531721	0.2984277301733116	0.0	0.0	0.7015722698266884	0.2984277301733116	0.2984277301733116	0.2984277301733116	1.0	0.2625	0.0747277612213825	0.0014490046419926652
6.353171656293082	0.032869812345582936	0.0	0.0	0.07212757149692164	0.31305363183988894	0.0	0.0	0.6869463681601109	0.31305363183988894	0.31305363183988894	0.31305363183988894	0.9999999999999998	0.2375	0.07595559204483116	0.0014403915905344936
6.246498677370553	0.0349801085888856	0.0	0.0	0.071692870333643	0.3279191126207318	0.0	0.0	0.6720808873792682	0.3279191126207318	0.3279191126207318	0.3279191126207318	1.0	0.2125	0.0772422721926335	0.0014316700362595137
6.138086190893926	0.037159982009495475	0.0	0.0	0.07125250446713222	0.3427647793827391	0.0	0.0	0.6572352206172609	0.3427647793827391	0.3427647793827391	0.3427647793827391	1.0	0.1875	0.0785919840263968	0.0014228336001939183
6.029412016615488	0.037867087687187675	0.0	0.0	0.07080708659125085	0.34844605849193633	0.0	0.0	0.6515539415080636	0.34844605849193633	0.34844605849193633	0.34844605849193633	0.9999999999999999	0.1625	0.0800035872465662	0.0014139110509237725
5.9216250811678215	0.03742476496494809	0.0	0.0	0.07036217048272045	0.34721058548990974	0.0	0.0	0.6527894145100904	0.34721058548990974	0.34721058548990974	0.34721058548990974	1.0000000000000002	0.1375	0.08145966182848258	0.0014050260182011185
5.814893511549119	0.036811152403772536	0.0	0.0	0.06992041721493034	0.34489469737285694	0.0	0.0	0.6551053026271432	0.34489469737285694	0.34489469737285694	0.34489469737285694	1.0	0.1125	0.08295620408938256	0.001396208349852692
5.70923498190777	0.03617632334970451	0.0	0.0	0.06948220629164446	0.3423890477418406	0.0	0.0	0.6576109522581595	0.3423890477418406	0.3423890477418406	0.3423890477418406	1.0	0.0875	0.08449312896483382	0.001387462017562504
5.604644671608796	0.03554274067957035	0.0	0.0	0.06904756961940507	0.33982823626749037	0.0	0.0	0.6601717637325096	0.33982823626749037	0.33982823626749037	0.33982823626749037	1.0	0.0625	0.08607095757018526	0.0013787871193156852
5.501114368007901	0.034913816548585136	0.0	0.0	0.06861648705230948	0.33723282299235374	0.0	0.0	0.6627671770076463	0.33723282299235374	0.33723282299235374	0.33723282299235374	1.0	0.037500000000000006	0.0876903036652419	0.0013701831706517931
